order_id,customer_id,order_date,status,total
1001,1,2025-03-01,paid,48.20
1002,1,2025-03-15,shipped,129.99
1003,2,2025-03-20,paid,15.50
1004,3,2025-04-02,paid,310.00
1005,3,2025-04-11,refunded,75.25
1006,4,2025-04-30,paid,22.10
1007,4,2025-05-05,shipped,64.80
1008,4,2025-05-19,paid,18.40
1009,5,2025-05-27,paid,205.75
1010,6,2025-06-01,shipped,39.99
1011,6,2025-06-09,paid,12.00
1012,7,2025-06-14,paid,88.60
1013,8,2025-06-22,refunded,150.00
1014,8,2025-06-25,paid,27.35
1015,2,2025-06-29,paid,540.00